config,channel,era,method,exp,exp_m2,exp_m1,exp_p1,exp_p2,obs,tot_error,tot_error_up,tot_error_dn,stat_error,stat_error_up,stat_error_dn,syst_error,syst_error_up,syst_error_dn,mcstat_error,mcstat_error_up,mcstat_error_dn,totsyst_error,totsyst_error_up,totsyst_error_dn,nf_error,nf_error_up,nf_error_dn,n_bins,S,B,SB_last_bin,Z_asimov
combine_1l2tau_XGB,1l2tau,stat-comb,XGB,15.51996898651123,7.6177263259887695,10.601339340209961,23.177576065063477,33.69139099121094,-1.0,6.64982,7.38051,-5.92882,6.22471,7.07963,-5.33,0.0,0.0,-0.0,2.33949,2.08583,-2.59655,2.33949,2.08583,-2.59655,0.0,0.0,-0.0,,,,,
combine_2l2tau_XGB,2l2tau,stat-comb,XGB,17.838640213012695,8.49897289276123,11.969856262207031,27.32037925720215,40.92990493774414,-1.0,7.2062,8.25431,-6.24402,6.96553,8.0977,-5.87476,0.0,0.0,-0.0,1.84683,1.60024,-2.11544,1.84683,1.60024,-2.11544,0.0,0.0,-0.0,,,,,
combine_2l2tau_MLP,2l2tau,stat-comb,MLP,18.94025993347168,9.01969051361084,12.703934669494629,29.041654586791992,43.59975051879883,-1.0,7.64205,8.75043,-6.63462,7.30919,8.53341,-6.12317,0.0,0.0,-0.0,2.23084,1.93675,-2.55439,2.23084,1.93675,-2.55439,0.0,0.0,-0.0,,,,,
combine_1l2tau_DNN,1l2tau,stat-comb,DNN,19.217060089111328,9.559304237365723,13.2318754196167,28.440587997436523,40.942588806152344,-1.0,8.43413,9.20716,-7.68206,7.51308,8.51975,-6.44281,0.0,0.0,-0.0,3.83253,3.49078,-4.1838,3.83253,3.49078,-4.1838,0.0,0.0,-0.0,,,,,
combine_1l2tau_PNN,1l2tau,stat-comb,PNN,19.72452735900879,9.768507957458496,13.5420560836792,29.336669921875,42.5380859375,-1.0,8.60001,9.41463,-7.8364,7.45755,8.56756,-6.27886,0.0,0.0,-0.0,4.28313,3.90282,-4.68883,4.28313,3.90282,-4.68883,0.0,0.0,-0.0,,,,,
hh1l2tau_run3_XGB,1l2tau,run3,XGB,20.758455276489258,9.848353385925293,13.903066635131836,31.79546546936035,47.49612808227539,-1.0,8.23234,9.53934,-6.9816,7.85641,9.30855,-6.37351,0.0,0.0,-0.0,2.45931,2.08567,-2.84976,2.45931,2.08567,-2.84976,0.0,0.0,-0.0,8.0,0.8562583638817367,678.1046583713265,0.06572809031978036,0.13092276563180655
combine_2l2tau_DNN,2l2tau,stat-comb,DNN,21.50201988220215,10.309017181396484,14.478267669677734,32.83761215209961,49.15390396118164,-1.0,8.77466,9.96473,-7.68375,8.1748,9.56554,-6.77701,0.0,0.0,-0.0,3.18861,2.79219,-3.62107,3.18861,2.79219,-3.62107,0.0,0.0,-0.0,,,,,
combine_2l2tau_PNN,2l2tau,stat-comb,PNN,21.53353500366211,10.419279098510742,14.586566925048828,32.546443939208984,47.95671463012695,-1.0,8.90416,10.0468,-7.82203,8.6229,9.85562,-7.41,0.0,0.0,-0.0,2.22028,1.95045,-2.50519,2.22028,1.95045,-2.50519,0.0,0.0,-0.0,,,,,
combine_1l2tau_MLP,1l2tau,stat-comb,MLP,22.848140716552734,11.45055103302002,15.797843933105469,33.667999267578125,48.288455963134766,-1.0,10.1737,10.9928,-9.40549,8.62238,9.7939,-7.37706,0.0,0.0,-0.0,5.39981,4.99209,-5.83458,5.39981,4.99209,-5.83458,0.0,0.0,-0.0,,,,,
combine_2l2tau_GNN,2l2tau,stat-comb,GNN,24.422164916992188,11.987582206726074,16.685745239257812,36.48746871948242,53.03403854370117,-1.0,10.3544,11.5088,-9.22934,10.0544,11.2955,-8.81007,0.0,0.0,-0.0,2.47431,2.20547,-2.75017,2.47431,2.20547,-2.75017,0.0,0.0,-0.0,,,,,
hh2l2tau_run3_XGB,2l2tau,run3,XGB,27.09971046447754,12.30606746673584,17.674442291259766,43.102699279785156,67.44754791259766,-1.0,9.82652,11.9267,-7.98618,9.4193,11.7077,-7.2273,0.0,0.0,-0.0,2.7995,2.2752,-3.39783,2.7995,2.2752,-3.39783,0.0,0.0,-0.0,4.0,0.289089798980994,84.89528935739143,0.06319884903674057,0.10832717069399367
combine_1l2tau_GNN,1l2tau,stat-comb,GNN,27.183122634887695,14.042502403259277,19.13559341430664,39.00743865966797,54.279571533203125,-1.0,12.8253,13.3993,-12.269,11.684,12.4073,-10.9542,0.0,0.0,-0.0,5.28891,5.0595,-5.52561,5.28891,5.0595,-5.52561,0.0,0.0,-0.0,,,,,
hh1l2tau_run2_DNN,1l2tau,run2,DNN,27.270954132080078,13.15791130065918,18.446510314941406,41.251461029052734,60.743019104003906,-1.0,11.1316,12.6538,-9.6541,10.3697,12.1571,-8.48723,0.0,0.0,-0.0,4.04747,3.51024,-4.60093,4.04747,3.51024,-4.60093,0.0,0.0,-0.0,8.0,0.6850836403860465,398.3247893494021,0.042482503571459086,0.09766165959451231
hh1l2tau_run2_XGB,1l2tau,run2,XGB,27.71037483215332,13.316203117370605,18.690961837768555,42.13788986206055,62.51750183105469,-1.0,11.2756,12.818,-9.85207,10.1585,12.0839,-8.13139,0.0,0.0,-0.0,4.89335,4.27556,-5.56272,4.89335,4.27556,-5.56272,0.0,0.0,-0.0,8.0,0.6865591676400794,427.8681285492981,0.03577129066235684,0.09956093666604221
hh1l2tau_run2_PNN,1l2tau,run2,PNN,27.93062973022461,13.547708511352539,18.9462890625,42.102237701416016,61.8431396484375,-1.0,11.548,13.0166,-10.1345,10.6298,12.3996,-8.76563,0.0,0.0,-0.0,4.51247,3.96013,-5.08637,4.51247,3.96013,-5.08637,0.0,0.0,-0.0,8.0,0.692280372548121,467.1129693914349,0.03762255302214173,0.09513418437867173
hh2l2tau_run2_XGB,2l2tau,run2,XGB,28.782485961914062,13.200984954833984,18.88840675354004,45.34254455566406,70.01215362548828,-1.0,10.5956,12.7464,-8.67542,10.3402,12.6049,-8.21725,0.0,0.0,-0.0,2.31262,1.8935,-2.78203,2.31262,1.8935,-2.78203,0.0,0.0,-0.0,6.0,0.23470913147033434,32.39005040476277,0.0569211741762132,0.0984350589742468
hh2l2tau_run3_MLP,2l2tau,run3,MLP,29.276796340942383,13.248621940612793,19.04595184326172,46.82062911987305,73.91117095947266,-1.0,10.5691,12.8271,-8.63764,9.94858,12.4913,-7.47369,0.0,0.0,-0.0,3.56814,2.91608,-4.33045,3.56814,2.91608,-4.33045,0.0,0.0,-0.0,6.0,0.2869376522804351,72.71083608311345,0.05533658521828092,0.1023232833148474
hh2l2tau_run2_MLP,2l2tau,run2,MLP,30.085777282714844,13.797122955322266,19.742589950561523,47.39966583251953,73.19805908203125,-1.0,11.0583,13.3107,-9.04491,10.7576,13.1448,-8.5033,0.0,0.0,-0.0,2.56122,2.0949,-3.0829,2.56122,2.0949,-3.0829,0.0,0.0,-0.0,6.0,0.23267046594637739,31.89947630252802,0.05487829925415093,0.09453773895504729
hh1l2tau_run2_MLP,1l2tau,run2,MLP,30.879365921020508,15.260994911193848,21.17670249938965,45.90896224975586,66.45526123046875,-1.0,13.2708,14.6113,-11.9801,12.1508,13.7944,-10.4406,0.0,0.0,-0.0,5.33607,4.81708,-5.87503,5.33607,4.81708,-5.87503,0.0,0.0,-0.0,8.0,0.6849276317464607,423.34957182313167,0.026428718974308818,0.08291818623940919
hh1l2tau_run3_DNN,1l2tau,run3,DNN,31.03090476989746,15.060439109802246,21.044532775878906,46.899147033691406,69.27538299560547,-1.0,12.9162,14.4636,-11.5231,10.7606,12.9836,-8.2937,0.0,0.0,-0.0,7.14396,6.37348,-7.99985,7.14396,6.37348,-7.99985,0.0,0.0,-0.0,7.0,0.8533739835696441,692.5219376873913,0.02386801827509861,0.09457286626778533
hh2l2tau_run2_DNN,2l2tau,run2,DNN,31.90900993347168,14.585980415344238,20.893596649169922,50.48246765136719,78.48725891113281,-1.0,11.663,14.0659,-9.53732,11.1849,13.8038,-8.66451,0.0,0.0,-0.0,3.3049,2.70257,-3.98582,3.3049,2.70257,-3.98582,0.0,0.0,-0.0,6.0,0.2328896349397208,31.75294065075502,0.05172509748140748,0.09083268259351583
hh2l2tau_run3_PNN,2l2tau,run3,PNN,32.03364944458008,14.953392028808594,21.246335983276367,49.746009826660156,75.52616119384766,-1.0,12.1737,14.3838,-10.1295,11.7218,14.1215,-9.35589,0.0,0.0,-0.0,3.28605,2.73426,-3.88262,3.28605,2.73426,-3.88262,0.0,0.0,-0.0,6.0,0.28675159659534877,74.2900424602299,0.047211292920004144,0.08649580106232904
hh1l2tau_run3_PNN,1l2tau,run3,PNN,32.464595794677734,15.343941688537598,21.656911849975586,50.37578201293945,77.12388610839844,-1.0,12.8791,14.7724,-11.2793,10.2565,13.1029,-6.88458,0.0,0.0,-0.0,7.78944,6.82184,-8.9345,7.78944,6.82184,-8.9345,0.0,0.0,-0.0,7.0,0.8533372030057056,665.4794794033802,0.025160829833230324,0.09941225240154165
hh2l2tau_run2_PNN,2l2tau,run2,PNN,34.539669036865234,16.103269577026367,22.894136428833008,53.637901306152344,81.36121368408203,-1.0,13.0501,15.4631,-10.8179,12.7205,15.2732,-10.252,0.0,0.0,-0.0,2.91418,2.41572,-3.45303,2.91418,2.41572,-3.45303,0.0,0.0,-0.0,6.0,0.23396191873463992,37.6060505813369,0.044562657517260025,0.07964783229474659
hh2l2tau_run3_DNN,2l2tau,run3,DNN,35.39597702026367,16.319561004638672,23.264936447143555,56.0606803894043,88.0073013305664,-1.0,13.3121,15.7072,-11.3086,11.9128,14.8743,-8.87387,0.0,0.0,-0.0,5.94104,5.04691,-7.00995,5.94104,5.04691,-7.00995,0.0,0.0,-0.0,5.0,0.28674427775248745,64.20072744913227,0.03255596850774509,0.08492914580979209
hh2l2tau_run3_GNN,2l2tau,run3,GNN,37.095008850097656,17.770170211791992,24.982072830200195,56.417728424072266,83.68334197998047,-1.0,14.8232,17.0092,-12.7066,14.3078,16.6818,-11.9035,0.0,0.0,-0.0,3.87458,3.32135,-4.44598,3.87458,3.32135,-4.44598,0.0,0.0,-0.0,6.0,0.2847361056800802,64.65542326772926,0.03517028085063209,0.07060228063343563
hh2l2tau_run2_GNN,2l2tau,run2,GNN,37.379600524902344,17.65129852294922,24.965984344482422,57.42346954345703,86.02049255371094,-1.0,14.4598,16.9073,-12.1306,14.1203,16.7041,-11.5708,0.0,0.0,-0.0,3.11509,2.61331,-3.64236,3.11509,2.61331,-3.64236,0.0,0.0,-0.0,7.0,0.23147992902441686,34.13087165926321,0.038883831901882625,0.07160996484207792
hh1l2tau_run3_GNN,1l2tau,run3,GNN,38.90713882446289,19.68511199951172,27.051286697387695,56.78374481201172,80.59628295898438,-1.0,17.5347,18.7797,-16.3563,15.4575,17.1186,-13.7448,0.0,0.0,-0.0,8.27843,7.7221,-8.86622,8.27843,7.7221,-8.86622,0.0,0.0,-0.0,8.0,0.8523493853313208,806.4937287449757,0.013228201652076573,0.06502338587405448
hh1l2tau_run3_MLP,1l2tau,run3,MLP,39.34391784667969,18.758386611938477,26.383777618408203,60.55845642089844,91.75942993164062,-1.0,15.8309,17.9939,-14.0013,11.7273,15.3402,-7.06663,0.0,0.0,-0.0,10.6342,9.40523,-12.0872,10.6342,9.40523,-12.0872,0.0,0.0,-0.0,7.0,0.8547477947191248,722.1401523388934,0.018006047005758904,0.086820225056316
hh1l2tau_run2_GNN,1l2tau,run2,GNN,40.57514190673828,20.806577682495117,28.44146728515625,58.638397216796875,82.13865661621094,-1.0,18.7852,19.8212,-17.7993,17.729,18.9277,-16.5494,0.0,0.0,-0.0,6.20999,5.8841,-6.55249,6.20999,5.8841,-6.55249,0.0,0.0,-0.0,8.0,0.6914450425029106,524.396263954978,0.010799472261511974,0.056537062826298064
